{"cameraMode":{"drawMode":0,"name":"Shaded","section":"Shading Mode"},"sceneLighting":true,"audioPlay":false,"sceneViewState":{"showFog":true,"showMaterialUpdate":false,"showSkybox":true,"showFlares":true,"showImageEffects":true,"showParticleSystems":true},"in2DMode":false,"pivot":{"x":267.9174499511719,"y":12.908584594726563,"z":1272.1417236328125},"rotation":{"x":-0.041268814355134967,"y":-0.44874367117881777,"z":-0.020715493708848954,"w":0.8925081491470337},"size":18.78168487548828,"orthographic":false}