{"cameraMode":{"drawMode":0,"name":"Shaded","section":"Shading Mode"},"sceneLighting":false,"audioPlay":false,"sceneViewState":{"showFog":true,"showMaterialUpdate":false,"showSkybox":false,"showFlares":true,"showImageEffects":true,"showParticleSystems":true},"in2DMode":false,"pivot":{"x":100.71607208251953,"y":13.300795555114746,"z":402.3688049316406},"rotation":{"x":-0.011320818215608597,"y":-0.9698677659034729,"z":0.2392008900642395,"w":-0.04568158835172653},"size":3.484680652618408,"orthographic":false}